vm,script,mean_ns,median_ns,min_ns,max_ns,stddev_ns,iterations
blaze-jsc,auction_1-1,537400,537400,437500,1437100,8383,931
blaze-v8,auction_1-1,541000,541000,438600,1244300,8169,925
chrysalis,auction_1-1,182940,182969,182718,183133,208,3
chrysalis-aot,auction_1-1,185011,185342,184021,185670,872,3
haskell,auction_1-1,78934,78934,78729,79225,1092,0
opshin,auction_1-1,83670000,83670000,80390000,100200000,6050000,24
plutigo,auction_1-1,111386,111386,0,0,0,53452
plutuz,auction_1-1,188084,181644,175904,561626,17803,10000
scalus-cek,auction_1-1,123904,123904,123904,123904,0,1
scalus-jit,auction_1-1,27503,27503,27503,27503,0,1
uplc-turbo,auction_1-1,142646,141930,141073,146582,1496,100
uplc-turbo-bc,auction_1-1,100031,99701,98893,103690,1072,100
blaze-jsc,auction_1-2,1719800,1719800,1355000,3036700,39211,291
blaze-v8,auction_1-2,1834600,1834600,1372300,4008000,51735,273
chrysalis,auction_1-2,655195,654350,653655,657580,2094,3
chrysalis-aot,auction_1-2,655189,655408,654568,655590,545,3
haskell,auction_1-2,299548,299548,298063,301113,6477,0
opshin,auction_1-2,307290000,307290000,298280000,329780000,10150000,20
plutigo,auction_1-2,412930,412930,0,0,0,14522
plutuz,auction_1-2,578222,572407,547332,998711,23037,8648
scalus-cek,auction_1-2,484891,484891,484891,484891,0,1
scalus-jit,auction_1-2,794589,794589,794589,794589,0,1
uplc-turbo,auction_1-2,395885,395412,392924,410113,2437,100
uplc-turbo-bc,auction_1-2,323214,321097,316619,352309,5453,100
blaze-jsc,auction_1-3,1752300,1752300,1357800,2779600,42055,286
blaze-v8,auction_1-3,1805100,1805100,1378000,3291600,47654,278
chrysalis,auction_1-3,683897,683726,678781,689183,5203,3
chrysalis-aot,auction_1-3,658675,658132,654335,663557,4634,3
haskell,auction_1-3,286815,286815,285801,288149,4774,0
opshin,auction_1-3,309090000,309090000,298260000,330570000,9920000,20
plutigo,auction_1-3,411337,411337,0,0,0,14625
plutuz,auction_1-3,577531,572807,542372,1047603,29661,8658
scalus-cek,auction_1-3,488437,488437,488437,488437,0,1
scalus-jit,auction_1-3,579009,579009,579009,579009,0,1
uplc-turbo,auction_1-3,397629,395759,393377,427815,5005,100
uplc-turbo-bc,auction_1-3,324420,321935,317811,338771,5384,100
blaze-jsc,auction_1-4,676200,676200,554100,1254300,9804,740
blaze-v8,auction_1-4,676600,676600,554000,1357200,10419,739
chrysalis,auction_1-4,217415,216136,214959,221150,3287,3
chrysalis-aot,auction_1-4,217819,216401,215922,221133,2880,3
haskell,auction_1-4,102036,102036,101676,102510,1662,0
opshin,auction_1-4,101840000,101840000,96950000,118440000,5700000,20
plutigo,auction_1-4,130219,130219,0,0,0,45907
plutuz,auction_1-4,218220,212555,206655,705466,15312,10000
scalus-cek,auction_1-4,155305,155305,155305,155305,0,1
scalus-jit,auction_1-4,39961,39961,39961,39961,0,1
uplc-turbo,auction_1-4,172788,171941,170779,178065,1903,100
uplc-turbo-bc,auction_1-4,130397,129120,128099,140520,2355,100
blaze-jsc,auction_2-1,533500,533500,440200,1275200,7575,938
blaze-v8,auction_2-1,527400,527400,437900,1169400,7700,949
chrysalis,auction_2-1,187194,186629,185496,189458,2040,3
chrysalis-aot,auction_2-1,183988,183883,182668,185414,1375,3
haskell,auction_2-1,80104,80104,79770,80478,1475,0
opshin,auction_2-1,82710000,82710000,80440000,100030000,5110000,25
plutigo,auction_2-1,110713,110713,0,0,0,54166
plutuz,auction_2-1,188364,182044,176264,357103,14652,10000
scalus-cek,auction_2-1,125902,125902,125902,125902,0,1
scalus-jit,auction_2-1,27299,27299,27299,27299,0,1
uplc-turbo,auction_2-1,141530,141449,140342,143864,547,100
uplc-turbo-bc,auction_2-1,101470,101521,99091,105493,1787,100
blaze-jsc,auction_2-2,1739700,1739700,1384100,3032700,40187,288
blaze-v8,auction_2-2,1757100,1757100,1383000,2633900,39710,285
chrysalis,auction_2-2,649802,650467,648354,650586,1255,3
chrysalis-aot,auction_2-2,670198,661759,654455,694380,21258,3
haskell,auction_2-2,298724,298724,297838,299819,4548,0
opshin,auction_2-2,304750000,304750000,296730000,321340000,8440000,20
plutigo,auction_2-2,413096,413096,0,0,0,14526
plutuz,auction_2-2,600146,595588,556582,1848390,32557,8332
scalus-cek,auction_2-2,485450,485450,485450,485450,0,1
scalus-jit,auction_2-2,753078,753078,753078,753078,0,1
uplc-turbo,auction_2-2,398106,395905,393100,408390,4262,100
uplc-turbo-bc,auction_2-2,321847,320604,317362,346136,4292,100
blaze-jsc,auction_2-3,2225600,2225600,1740000,3172900,48963,225
blaze-v8,auction_2-3,2243800,2243800,1754700,3487100,52280,223
chrysalis,auction_2-3,801066,803678,795300,804220,5000,3
chrysalis-aot,auction_2-3,826364,830126,817655,831311,7565,3
haskell,auction_2-3,387342,387342,386178,388868,5850,0
opshin,auction_2-3,388160000,388160000,377440000,405710000,9460000,20
plutigo,auction_2-3,489650,489650,0,0,0,12244
plutuz,auction_2-3,707000,702885,665044,1365945,33555,7073
scalus-cek,auction_2-3,652204,652204,652204,652204,0,1
scalus-jit,auction_2-3,795324,795324,795324,795324,0,1
uplc-turbo,auction_2-3,473928,471627,468755,526668,7326,100
uplc-turbo-bc,auction_2-3,409170,408284,399017,423550,4386,100
blaze-jsc,auction_2-4,1751300,1751300,1374100,2932500,40455,286
blaze-v8,auction_2-4,1737200,1737200,1384300,2737300,38565,288
chrysalis,auction_2-4,655053,652929,651548,660682,4923,3
chrysalis-aot,auction_2-4,656457,657636,652096,659639,3907,3
haskell,auction_2-4,295006,295006,293406,296398,6578,0
opshin,auction_2-4,307950000,307950000,298820000,328360000,10880000,20
plutigo,auction_2-4,407574,407574,0,0,0,14708
plutuz,auction_2-4,577715,574437,543292,2652117,34881,8656
scalus-cek,auction_2-4,488681,488681,488681,488681,0,1
scalus-jit,auction_2-4,671887,671887,671887,671887,0,1
uplc-turbo,auction_2-4,397819,395572,393921,433104,5407,100
uplc-turbo-bc,auction_2-4,323008,320337,317482,360503,6150,100
blaze-jsc,auction_2-5,668800,668800,552800,1256600,9831,748
blaze-v8,auction_2-5,672300,672300,551300,1410300,10218,744
chrysalis,auction_2-5,216300,216089,214891,217919,1524,3
chrysalis-aot,auction_2-5,213593,213474,213472,213833,208,3
haskell,auction_2-5,102700,102700,102402,103139,1686,0
opshin,auction_2-5,100760000,100760000,97130000,118650000,5690000,20
plutigo,auction_2-5,130201,130201,0,0,0,46140
plutuz,auction_2-5,216224,211425,206634,1520143,18311,10000
scalus-cek,auction_2-5,156318,156318,156318,156318,0,1
scalus-jit,auction_2-5,46724,46724,46724,46724,0,1
uplc-turbo,auction_2-5,170823,170199,169361,175348,1512,100
uplc-turbo-bc,auction_2-5,131079,129581,128536,137049,2388,100
blaze-jsc,coop-1,793700,793700,613600,2411300,21588,630
blaze-v8,coop-1,735500,735500,626100,1656400,9929,680
chrysalis,coop-1,186583,185960,185665,188123,1341,3
chrysalis-aot,coop-1,187495,187062,187006,188416,798,3
haskell,coop-1,104000,104000,103761,104310,1178,0
opshin,coop-1,13650000,13650000,11400000,30240000,4490000,147
plutigo,coop-1,112912,112912,0,0,0,53064
plutuz,coop-1,183501,178264,173393,669254,13286,10000
scalus-cek,coop-1,154853,154853,154853,154853,0,1
scalus-jit,coop-1,63048,63048,63048,63048,0,1
uplc-turbo,coop-1,151556,151274,150556,155414,958,100
uplc-turbo-bc,coop-1,128273,127559,126431,141762,2068,100
blaze-jsc,coop-2,2432500,2432500,1993200,3417900,46460,206
blaze-v8,coop-2,2428400,2428400,2027400,3444400,41039,206
chrysalis,coop-2,550197,551305,546150,553138,3623,3
chrysalis-aot,coop-2,565052,564850,564086,566219,1080,3
haskell,coop-2,340440,340440,339097,342046,6138,0
opshin,coop-2,31040000,31040000,26070000,47170000,7130000,65
plutigo,coop-2,363360,363360,0,0,0,16508
plutuz,coop-2,540270,537062,508851,1376314,28837,9255
scalus-cek,coop-2,503501,503501,503501,503501,0,1
scalus-jit,coop-2,217627,217627,217627,217627,0,1
uplc-turbo,coop-2,476479,474342,470494,493028,5170,100
uplc-turbo-bc,coop-2,437414,435709,433271,449482,4505,100
blaze-jsc,coop-3,5592900,5592900,5118100,6233800,58725,90
blaze-v8,coop-3,5883900,5883900,5327600,6876400,65311,85
chrysalis,coop-3,1808843,1816382,1793658,1816488,13150,3
chrysalis-aot,coop-3,1844308,1843085,1842958,1846882,2229,3
haskell,coop-3,1032185,1032185,1028207,1038282,22186,0
opshin,coop-3,30470000,30470000,25720000,46520000,6890000,66
plutigo,coop-3,1003282,1003282,0,0,0,5672
plutuz,coop-3,1412023,1392290,1334799,2453483,73931,3542
scalus-cek,coop-3,1755494,1755494,1755494,1755494,0,1
scalus-jit,coop-3,726525,726525,726525,726525,0,1
uplc-turbo,coop-3,1009595,1008383,998699,1033275,5630,100
uplc-turbo-bc,coop-3,1209938,1199570,1182383,1368487,23223,100
blaze-jsc,coop-4,2851900,2851900,2307200,3858400,48482,176
blaze-v8,coop-4,2879300,2879300,2388600,3898200,48660,174
chrysalis,coop-4,717096,715016,711666,724607,6716,3
chrysalis-aot,coop-4,733900,737127,723910,740662,8829,3
haskell,coop-4,455245,455245,453326,457567,8828,0
opshin,coop-4,35780000,35780000,29720000,53840000,7660000,56
plutigo,coop-4,435956,435956,0,0,0,13791
plutuz,coop-4,717592,705865,663144,1797313,55120,6968
scalus-cek,coop-4,664150,664150,664150,664150,0,1
scalus-jit,coop-4,282220,282220,282220,282220,0,1
uplc-turbo,coop-4,501943,501529,498797,510815,1862,100
uplc-turbo-bc,coop-4,499191,494046,491163,529101,8550,100
blaze-jsc,coop-5,1404000,1404000,1078700,3827900,37627,357
blaze-v8,coop-5,1309400,1309400,1092100,2311600,22652,382
chrysalis,coop-5,353507,353130,352595,354796,1147,3
chrysalis-aot,coop-5,355827,355861,355344,356277,467,3
haskell,coop-5,186848,186848,186287,187642,2849,0
opshin,coop-5,34200000,34200000,28900000,50370000,7380000,59
plutigo,coop-5,235223,235223,0,0,0,25480
plutuz,coop-5,345479,340642,324417,2845601,32091,10000
scalus-cek,coop-5,269816,269816,269816,269816,0,1
scalus-jit,coop-5,121958,121958,121958,121958,0,1
uplc-turbo,coop-5,278628,278436,276519,284566,1066,100
uplc-turbo-bc,coop-5,225510,225171,222660,259724,3672,100
blaze-jsc,coop-6,2158400,2158400,1771400,3050800,39282,232
blaze-v8,coop-6,2100200,2100200,1824400,2725900,25202,239
chrysalis,coop-6,475673,474750,474670,477601,1669,3
chrysalis-aot,coop-6,487104,487036,485849,488426,1289,3
haskell,coop-6,309494,309494,308877,310476,3291,0
opshin,coop-6,16440000,16440000,13770000,36170000,5180000,122
plutigo,coop-6,303990,303990,0,0,0,19725
plutuz,coop-6,459471,455240,440509,1039653,18669,10000
scalus-cek,coop-6,467338,467338,467338,467338,0,1
scalus-jit,coop-6,185238,185238,185238,185238,0,1
uplc-turbo,coop-6,417110,416872,413629,429250,2145,100
uplc-turbo-bc,coop-6,403263,403023,396599,411815,1870,100
blaze-jsc,coop-7,1091600,1091600,877900,3307900,26307,459
blaze-v8,coop-7,1024600,1024600,892400,1707800,12397,488
chrysalis,coop-7,255006,254756,254344,255918,816,3
chrysalis-aot,coop-7,252896,253027,252604,253057,253,3
haskell,coop-7,145645,145645,145228,146221,2069,0
opshin,coop-7,15570000,15570000,12950000,34090000,5100000,129
plutigo,coop-7,153668,153668,0,0,0,38964
plutuz,coop-7,247021,242126,235865,695385,12495,10000
scalus-cek,coop-7,216988,216988,216988,216988,0,1
scalus-jit,coop-7,87645,87645,87645,87645,0,1
uplc-turbo,coop-7,212302,212093,210775,217416,980,100
uplc-turbo-bc,coop-7,184531,184313,183326,190387,963,100
blaze-jsc,crowdfunding-success-1,633000,633000,522000,1461600,10634,791
blaze-v8,crowdfunding-success-1,634100,634100,529700,1293600,9511,789
chrysalis,crowdfunding-success-1,212585,212855,211836,213063,656,3
chrysalis-aot,crowdfunding-success-1,208365,208291,208056,208749,352,3
haskell,crowdfunding-success-1,96983,96983,96565,97411,1832,0
opshin,crowdfunding-success-1,101040000,101040000,95940000,120440000,7500000,20
plutigo,crowdfunding-success-1,138956,138956,0,0,0,43136
plutuz,crowdfunding-success-1,216873,210674,204055,636324,18520,10000
scalus-cek,crowdfunding-success-1,144665,144665,144665,144665,0,1
scalus-jit,crowdfunding-success-1,32813,32813,32813,32813,0,1
uplc-turbo,crowdfunding-success-1,165972,165632,164792,183768,1970,100
uplc-turbo-bc,crowdfunding-success-1,115455,115301,114285,118576,733,100
blaze-jsc,crowdfunding-success-2,619700,619700,518200,1234000,9481,807
blaze-v8,crowdfunding-success-2,635700,635700,529900,1291500,9154,787
chrysalis,crowdfunding-success-2,219149,219137,218938,219373,217,3
chrysalis-aot,crowdfunding-success-2,208809,208836,208202,209390,594,3
haskell,crowdfunding-success-2,96696,96696,96310,97196,2033,0
opshin,crowdfunding-success-2,99320000,99320000,95770000,115550000,6540000,21
plutigo,crowdfunding-success-2,138917,138917,0,0,0,43171
plutuz,crowdfunding-success-2,215024,209445,203854,628053,14339,10000
scalus-cek,crowdfunding-success-2,140896,140896,140896,140896,0,1
scalus-jit,crowdfunding-success-2,36522,36522,36522,36522,0,1
uplc-turbo,crowdfunding-success-2,166065,165820,164999,170025,866,100
uplc-turbo-bc,crowdfunding-success-2,116041,115629,114270,126211,1581,100
blaze-jsc,crowdfunding-success-3,626100,626100,517700,1551600,10330,799
blaze-v8,crowdfunding-success-3,634000,634000,530800,1431300,9383,789
chrysalis,crowdfunding-success-3,213908,214072,212919,214733,918,3
chrysalis-aot,crowdfunding-success-3,209561,209714,208572,210397,921,3
haskell,crowdfunding-success-3,95049,95049,94748,95381,1422,0
opshin,crowdfunding-success-3,98290000,98290000,95440000,116350000,5840000,21
plutigo,crowdfunding-success-3,139462,139462,0,0,0,43122
plutuz,crowdfunding-success-3,214349,209664,204024,2572296,25886,10000
scalus-cek,crowdfunding-success-3,143182,143182,143182,143182,0,1
scalus-jit,crowdfunding-success-3,34398,34398,34398,34398,0,1
uplc-turbo,crowdfunding-success-3,167166,166556,165036,172095,1747,100
uplc-turbo-bc,crowdfunding-success-3,116990,115985,114451,121222,1858,100
blaze-jsc,currency-1,678500,678500,562100,1589000,10991,737
blaze-v8,currency-1,689300,689300,572400,1346600,9925,726
chrysalis,currency-1,265378,265122,264725,266286,811,3
chrysalis-aot,currency-1,266770,267537,264779,267995,1739,3
haskell,currency-1,114590,114590,114067,115233,2499,0
opshin,currency-1,125410000,125410000,121740000,142730000,5530000,20
plutigo,currency-1,166852,166852,0,0,0,35919
plutuz,currency-1,239939,232950,225465,812538,19949,10000
scalus-cek,currency-1,185713,185713,185713,185713,0,1
scalus-jit,currency-1,31112,31112,31112,31112,0,1
uplc-turbo,currency-1,173809,173674,172446,176849,934,100
uplc-turbo-bc,currency-1,132356,131832,130867,137053,1654,100
blaze-jsc,escrow-redeem_1-1,983100,983100,793300,1893400,18187,509
blaze-v8,escrow-redeem_1-1,994300,994300,812000,2075300,17499,503
chrysalis,escrow-redeem_1-1,366027,366562,364233,367287,1596,3
chrysalis-aot,escrow-redeem_1-1,356053,356978,354193,356990,1611,3
haskell,escrow-redeem_1-1,161899,161899,161228,162900,3645,0
opshin,escrow-redeem_1-1,166330000,166330000,161450000,183960000,7260000,20
plutigo,escrow-redeem_1-1,227814,227814,0,0,0,26361
plutuz,escrow-redeem_1-1,331531,325537,310306,893159,21172,10000
scalus-cek,escrow-redeem_1-1,254188,254188,254188,254188,0,1
scalus-jit,escrow-redeem_1-1,59638,59638,59638,59638,0,1
uplc-turbo,escrow-redeem_1-1,239863,239003,236503,245692,2229,100
uplc-turbo-bc,escrow-redeem_1-1,184700,183414,180580,192760,3020,100
blaze-jsc,escrow-redeem_1-2,965500,965500,794600,1809400,16799,518
blaze-v8,escrow-redeem_1-2,992100,992100,813600,1834500,16766,504
chrysalis,escrow-redeem_1-2,355002,355585,351186,358233,3559,3
chrysalis-aot,escrow-redeem_1-2,347798,347481,347288,348626,722,3
haskell,escrow-redeem_1-2,161158,161158,160515,161889,2967,0
opshin,escrow-redeem_1-2,169420000,169420000,162460000,189380000,8130000,20
plutigo,escrow-redeem_1-2,228104,228104,0,0,0,26283
plutuz,escrow-redeem_1-2,323675,318216,308617,762552,15139,10000
scalus-cek,escrow-redeem_1-2,252619,252619,252619,252619,0,1
scalus-jit,escrow-redeem_1-2,62464,62464,62464,62464,0,1
uplc-turbo,escrow-redeem_1-2,242324,240950,238087,255914,3730,100
uplc-turbo-bc,escrow-redeem_1-2,182689,182518,180712,186724,976,100
blaze-jsc,escrow-redeem_2-1,1104500,1104500,904000,1880100,19439,453
blaze-v8,escrow-redeem_2-1,1142000,1142000,949700,1846200,19071,438
chrysalis,escrow-redeem_2-1,405518,408006,398464,410085,6196,3
chrysalis-aot,escrow-redeem_2-1,398867,394912,394777,406910,6966,3
haskell,escrow-redeem_2-1,187584,187584,186670,188568,4262,0
opshin,escrow-redeem_2-1,189370000,189370000,184960000,208300000,7560000,20
plutigo,escrow-redeem_2-1,252367,252367,0,0,0,23784
plutuz,escrow-redeem_2-1,356988,352122,340407,2500214,26239,10000
scalus-cek,escrow-redeem_2-1,297955,297955,297955,297955,0,1
scalus-jit,escrow-redeem_2-1,71975,71975,71975,71975,0,1
uplc-turbo,escrow-redeem_2-1,265657,265447,262951,275134,1432,100
uplc-turbo-bc,escrow-redeem_2-1,211823,211429,208716,220387,2038,100
blaze-jsc,escrow-redeem_2-2,1102500,1102500,913500,1772500,18742,454
blaze-v8,escrow-redeem_2-2,1126400,1126400,940100,1757400,18698,444
chrysalis,escrow-redeem_2-2,398931,397506,397168,402119,2766,3
chrysalis-aot,escrow-redeem_2-2,396095,396682,392371,399232,3468,3
haskell,escrow-redeem_2-2,185656,185656,185015,186943,3826,0
opshin,escrow-redeem_2-2,189780000,189780000,184880000,209860000,7350000,20
plutigo,escrow-redeem_2-2,251188,251188,0,0,0,23944
plutuz,escrow-redeem_2-2,358242,354062,340177,887833,17963,10000
scalus-cek,escrow-redeem_2-2,294976,294976,294976,294976,0,1
scalus-jit,escrow-redeem_2-2,76126,76126,76126,76126,0,1
uplc-turbo,escrow-redeem_2-2,266164,265429,263059,273727,2241,100
uplc-turbo-bc,escrow-redeem_2-2,212950,211597,209226,221163,3019,100
blaze-jsc,escrow-redeem_2-3,1104700,1104700,911400,2045999,18779,453
blaze-v8,escrow-redeem_2-3,1133300,1133300,938300,1922500,19379,442
chrysalis,escrow-redeem_2-3,394033,390887,390044,401168,6193,3
chrysalis-aot,escrow-redeem_2-3,395781,393823,392881,400637,4231,3
haskell,escrow-redeem_2-3,185191,185191,184679,185869,2496,0
opshin,escrow-redeem_2-3,191540000,191540000,185790000,207670000,6830000,20
plutigo,escrow-redeem_2-3,250548,250548,0,0,0,23832
plutuz,escrow-redeem_2-3,358443,354157,340688,968076,19125,10000
scalus-cek,escrow-redeem_2-3,294460,294460,294460,294460,0,1
scalus-jit,escrow-redeem_2-3,68273,68273,68273,68273,0,1
uplc-turbo,escrow-redeem_2-3,267570,265606,263698,279571,3534,100
uplc-turbo-bc,escrow-redeem_2-3,214657,212670,209521,224038,4082,100
blaze-jsc,escrow-refund-1,517400,517400,419300,1613900,9313,967
blaze-v8,escrow-refund-1,525400,525400,426000,1540500,9299,952
chrysalis,escrow-refund-1,198217,198491,197376,198785,743,3
chrysalis-aot,escrow-refund-1,196060,196597,193433,198149,2403,3
haskell,escrow-refund-1,70781,70781,70470,71122,1498,0
opshin,escrow-refund-1,92650000,92650000,87300000,109900000,7520000,22
plutigo,escrow-refund-1,142186,142186,0,0,0,42216
plutuz,escrow-refund-1,210539,205429,200614,595728,13760,10000
scalus-cek,escrow-refund-1,110647,110647,110647,110647,0,1
scalus-jit,escrow-refund-1,18675,18675,18675,18675,0,1
uplc-turbo,escrow-refund-1,154980,154022,152654,168838,2256,100
uplc-turbo-bc,escrow-refund-1,85885,85880,84780,87671,327,100
blaze-jsc,future-increase-margin-1,677100,677100,560400,1270100,10359,739
blaze-v8,future-increase-margin-1,707300,707300,571200,1734800,11528,707
chrysalis,future-increase-margin-1,260900,260772,260676,261253,309,3
chrysalis-aot,future-increase-margin-1,267236,265955,265317,270436,2789,3
haskell,future-increase-margin-1,113396,113396,112953,114318,2645,0
opshin,future-increase-margin-1,124910000,124910000,121240000,140550000,6020000,20
plutigo,future-increase-margin-1,166031,166031,0,0,0,36154
plutuz,future-increase-margin-1,238300,233065,225765,614890,14390,10000
scalus-cek,future-increase-margin-1,183774,183774,183774,183774,0,1
scalus-jit,future-increase-margin-1,35023,35023,35023,35023,0,1
uplc-turbo,future-increase-margin-1,174735,173829,171606,188557,2580,100
uplc-turbo-bc,future-increase-margin-1,131787,131504,130633,141064,1288,100
blaze-jsc,future-increase-margin-2,1418600,1418600,1178800,2245300,24541,353
blaze-v8,future-increase-margin-2,1468800,1468800,1192000,2430100,27172,341
chrysalis,future-increase-margin-2,495155,494549,493070,497846,2444,3
chrysalis-aot,future-increase-margin-2,500687,498379,496762,506920,5458,3
haskell,future-increase-margin-2,242159,242159,241484,243207,3692,0
opshin,future-increase-margin-2,246710000,246710000,240000000,286880000,11680000,20
plutigo,future-increase-margin-2,300664,300664,0,0,0,19969
plutuz,future-increase-margin-2,436007,430460,411289,1039488,20488,10000
scalus-cek,future-increase-margin-2,407629,407629,407629,407629,0,1
scalus-jit,future-increase-margin-2,116555,116555,116555,116555,0,1
uplc-turbo,future-increase-margin-2,327519,326317,323407,335595,3270,100
uplc-turbo-bc,future-increase-margin-2,277352,277115,275184,284460,1224,100
blaze-jsc,future-increase-margin-3,1432700,1432700,1174300,2266600,26648,349
blaze-v8,future-increase-margin-3,1456400,1456400,1211200,2327800,25195,344
chrysalis,future-increase-margin-3,494235,494502,490388,497816,3721,3
chrysalis-aot,future-increase-margin-3,507213,506820,506267,508551,1191,3
haskell,future-increase-margin-3,243680,243680,242506,245045,5213,0
opshin,future-increase-margin-3,248460000,248460000,240100000,267570000,8199999,20
plutigo,future-increase-margin-3,300980,300980,0,0,0,19910
plutuz,future-increase-margin-3,432326,427959,410139,857482,17869,10000
scalus-cek,future-increase-margin-3,396714,396714,396714,396714,0,1
scalus-jit,future-increase-margin-3,125949,125949,125949,125949,0,1
uplc-turbo,future-increase-margin-3,325767,325627,322629,330491,1367,100
uplc-turbo-bc,future-increase-margin-3,277550,276631,274666,287637,2898,100
blaze-jsc,future-increase-margin-4,1437200,1437200,1200000,2333200,20839,349
blaze-v8,future-increase-margin-4,1431300,1431300,1228700,1960500,19465,350
chrysalis,future-increase-margin-4,563732,563437,563087,564672,832,3
chrysalis-aot,future-increase-margin-4,575667,576229,574168,576602,1310,3
haskell,future-increase-margin-4,229468,229468,228360,231867,6842,0
opshin,future-increase-margin-4,-1,-1,-1,-1,-1,0
plutigo,future-increase-margin-4,382669,382669,0,0,0,15693
plutuz,future-increase-margin-4,543083,535331,511631,1105004,24010,9207
scalus-cek,future-increase-margin-4,370288,370288,370288,370288,0,1
scalus-jit,future-increase-margin-4,1056186,1056186,1056186,1056186,0,1
uplc-turbo,future-increase-margin-4,365595,364781,361006,392007,4332,100
uplc-turbo-bc,future-increase-margin-4,250451,250039,247684,266105,1968,100
blaze-jsc,future-increase-margin-5,3545800,3545800,2876100,4870100,78716,142
blaze-v8,future-increase-margin-5,3502000,3502000,2845800,4731500,76343,143
chrysalis,future-increase-margin-5,882288,880679,874640,891546,8566,3
chrysalis-aot,future-increase-margin-5,859178,857449,856216,863869,4108,3
haskell,future-increase-margin-5,392909,392909,391043,395170,8648,0
opshin,future-increase-margin-5,-1,-1,-1,-1,-1,0
plutigo,future-increase-margin-5,500102,500102,0,0,0,10000
plutuz,future-increase-margin-5,785828,783026,743436,1463711,30641,6363
scalus-cek,future-increase-margin-5,652579,652579,652579,652579,0,1
scalus-jit,future-increase-margin-5,1613174,1613174,1613174,1613174,0,1
uplc-turbo,future-increase-margin-5,521745,515251,500222,617744,23944,100
uplc-turbo-bc,future-increase-margin-5,407110,405801,402577,418949,3734,100
blaze-jsc,future-pay-out-1,703500,703500,570700,1534700,11889,711
blaze-v8,future-pay-out-1,702000,702000,575000,1574700,11583,713
chrysalis,future-pay-out-1,261734,261820,261237,262146,460,3
chrysalis-aot,future-pay-out-1,267331,267833,266100,268060,1072,3
haskell,future-pay-out-1,113239,113239,112919,113699,1714,0
opshin,future-pay-out-1,125310000,125310000,121470000,144940000,6490000,20
plutigo,future-pay-out-1,166462,166462,0,0,0,36091
plutuz,future-pay-out-1,241708,234970,226815,538741,16935,10000
scalus-cek,future-pay-out-1,186572,186572,186572,186572,0,1
scalus-jit,future-pay-out-1,29361,29361,29361,29361,0,1
uplc-turbo,future-pay-out-1,173272,173089,172035,176476,704,100
uplc-turbo-bc,future-pay-out-1,131461,131415,130216,134009,522,100
blaze-jsc,future-pay-out-2,1455200,1455200,1184200,2267500,27066,344
blaze-v8,future-pay-out-2,1455400,1455400,1199600,2414900,26051,344
chrysalis,future-pay-out-2,496963,498184,494342,498362,2271,3
chrysalis-aot,future-pay-out-2,505576,504249,494450,518030,11845,3
haskell,future-pay-out-2,245304,245304,243577,248497,10179,0
opshin,future-pay-out-2,245580000,245580000,238980000,264290000,7630000,20
plutigo,future-pay-out-2,301363,301363,0,0,0,19880
plutuz,future-pay-out-2,433078,428809,412409,842329,20365,10000
scalus-cek,future-pay-out-2,396682,396682,396682,396682,0,1
scalus-jit,future-pay-out-2,131394,131394,131394,131394,0,1
uplc-turbo,future-pay-out-2,326981,326033,323598,358235,3897,100
uplc-turbo-bc,future-pay-out-2,277593,277044,274782,289444,2409,100
blaze-jsc,future-pay-out-3,1465800,1465800,1191300,2202800,27117,342
blaze-v8,future-pay-out-3,1458200,1458200,1197300,2404800,27268,343
chrysalis,future-pay-out-3,492996,493525,491700,493764,1129,3
chrysalis-aot,future-pay-out-3,500401,500143,499375,501685,1176,3
haskell,future-pay-out-3,240508,240508,239905,241352,2921,0
opshin,future-pay-out-3,247370000,247370000,239810000,267600000,7550000,20
plutigo,future-pay-out-3,301974,301974,0,0,0,19802
plutuz,future-pay-out-3,432672,428399,410839,2538005,29574,10000
scalus-cek,future-pay-out-3,407504,407504,407504,407504,0,1
scalus-jit,future-pay-out-3,135699,135699,135699,135699,0,1
uplc-turbo,future-pay-out-3,326125,325814,323145,334035,1669,100
uplc-turbo-bc,future-pay-out-3,280546,278299,275051,291147,4271,100
blaze-jsc,future-pay-out-4,3502700,3502700,2891300,4492600,74607,143
blaze-v8,future-pay-out-4,3697800,3697800,2849300,7313900,133120,136
chrysalis,future-pay-out-4,867982,862134,858418,883394,13476,3
chrysalis-aot,future-pay-out-4,860393,858562,854429,868190,7060,3
haskell,future-pay-out-4,392208,392208,390878,394160,6901,0
opshin,future-pay-out-4,-1,-1,-1,-1,-1,0
plutigo,future-pay-out-4,499545,499545,0,0,0,12009
plutuz,future-pay-out-4,786329,782467,744516,2958074,46453,6359
scalus-cek,future-pay-out-4,663044,663044,663044,663044,0,1
scalus-jit,future-pay-out-4,1499443,1499443,1499443,1499443,0,1
uplc-turbo,future-pay-out-4,506976,502745,498618,547192,8627,100
uplc-turbo-bc,future-pay-out-4,408423,405529,402434,429365,6202,100
blaze-jsc,future-settle-early-1,694700,694700,567300,1259800,11184,720
blaze-v8,future-settle-early-1,700900,700900,578400,1482600,11004,714
chrysalis,future-settle-early-1,263381,262378,262352,265412,1759,3
chrysalis-aot,future-settle-early-1,266222,265785,265488,267393,1024,3
haskell,future-settle-early-1,116315,116315,115101,118485,7239,0
opshin,future-settle-early-1,126480000,126480000,121310000,144910000,6770000,20
plutigo,future-settle-early-1,166331,166331,0,0,0,36090
plutuz,future-settle-early-1,241651,234410,226585,2163221,25908,10000
scalus-cek,future-settle-early-1,185650,185650,185650,185650,0,1
scalus-jit,future-settle-early-1,33355,33355,33355,33355,0,1
uplc-turbo,future-settle-early-1,181244,178824,172072,209699,8392,100
uplc-turbo-bc,future-settle-early-1,131421,131359,130524,134401,536,100
blaze-jsc,future-settle-early-2,1435300,1435300,1167900,2407900,26983,349
blaze-v8,future-settle-early-2,1453800,1453800,1208400,2238700,25296,344
chrysalis,future-settle-early-2,490151,489808,489635,491008,747,3
chrysalis-aot,future-settle-early-2,512635,512918,512015,512971,537,3
haskell,future-settle-early-2,243333,243333,242724,244131,3166,0
opshin,future-settle-early-2,244620000,244620000,239330000,268180000,7900000,20
plutigo,future-settle-early-2,301002,301002,0,0,0,19941
plutuz,future-settle-early-2,435692,430699,412909,2516704,29887,10000
scalus-cek,future-settle-early-2,397083,397083,397083,397083,0,1
scalus-jit,future-settle-early-2,146184,146184,146184,146184,0,1
uplc-turbo,future-settle-early-2,328065,326362,322512,349168,4358,100
uplc-turbo-bc,future-settle-early-2,277869,277676,275708,286415,1670,100
blaze-jsc,future-settle-early-3,1425000,1425000,1182600,2111000,24795,352
blaze-v8,future-settle-early-3,1477000,1477000,1206000,2296300,27324,339
chrysalis,future-settle-early-3,499942,502686,493260,503880,5817,3
chrysalis-aot,future-settle-early-3,501329,500729,500451,502807,1287,3
haskell,future-settle-early-3,243615,243615,242541,245028,5376,0
opshin,future-settle-early-3,246060000,246060000,240020000,267820000,7880000,20
plutigo,future-settle-early-3,300438,300438,0,0,0,19964
plutuz,future-settle-early-3,434918,429519,411108,2975094,32974,10000
scalus-cek,future-settle-early-3,402792,402792,402792,402792,0,1
scalus-jit,future-settle-early-3,136279,136279,136279,136279,0,1
uplc-turbo,future-settle-early-3,326112,325964,323917,330841,1182,100
uplc-turbo-bc,future-settle-early-3,285384,285936,276946,301075,5196,100
blaze-jsc,future-settle-early-4,2941900,2941900,2454600,4108600,66192,171
blaze-v8,future-settle-early-4,2953700,2953700,2463800,4113800,64686,170
chrysalis,future-settle-early-4,700873,701028,700226,701365,585,3
chrysalis-aot,future-settle-early-4,678486,678700,677553,679206,846,3
haskell,future-settle-early-4,292787,292787,291537,293951,5408,0
opshin,future-settle-early-4,-1,-1,-1,-1,-1,0
plutigo,future-settle-early-4,410260,410260,0,0,0,14624
plutuz,future-settle-early-4,648143,645524,608173,2836941,37233,7715
scalus-cek,future-settle-early-4,513809,513809,513809,513809,0,1
scalus-jit,future-settle-early-4,1455071,1455071,1455071,1455071,0,1
uplc-turbo,future-settle-early-4,423052,421569,418188,435205,4628,100
uplc-turbo-bc,future-settle-early-4,319781,320382,311687,331009,4886,100
blaze-jsc,game-sm-success_1-1,1234800,1234800,971000,2535300,29758,405
blaze-v8,game-sm-success_1-1,1262400,1262400,993000,2051200,29666,397
chrysalis,game-sm-success_1-1,443653,446431,438079,446449,4827,3
chrysalis-aot,game-sm-success_1-1,439006,439879,436320,440819,2373,3
haskell,game-sm-success_1-1,184572,184572,183681,185526,4078,0
opshin,game-sm-success_1-1,199880000,199880000,189260000,226630000,10810000,20
plutigo,game-sm-success_1-1,307531,307531,0,0,0,19498
plutuz,game-sm-success_1-1,428155,421769,405019,882219,19903,10000
scalus-cek,game-sm-success_1-1,287350,287350,287350,287350,0,1
scalus-jit,game-sm-success_1-1,464918,464918,464918,464918,0,1
uplc-turbo,game-sm-success_1-1,298289,297170,292560,309255,3265,100
uplc-turbo-bc,game-sm-success_1-1,209625,205552,202798,235112,8314,100
blaze-jsc,game-sm-success_1-2,574000,574000,488200,1112600,7002,872
blaze-v8,game-sm-success_1-2,583000,583000,497900,1441000,7287,858
chrysalis,game-sm-success_1-2,188254,187978,187567,189217,858,3
chrysalis-aot,game-sm-success_1-2,185931,186129,185095,186571,757,3
haskell,game-sm-success_1-2,87809,87809,87674,88019,721,0
opshin,game-sm-success_1-2,88470000,88470000,86160000,105240000,4970000,23
plutigo,game-sm-success_1-2,111955,111955,0,0,0,53584
plutuz,game-sm-success_1-2,190247,183684,178103,392268,14579,10000
scalus-cek,game-sm-success_1-2,140250,140250,140250,140250,0,1
scalus-jit,game-sm-success_1-2,33627,33627,33627,33627,0,1
uplc-turbo,game-sm-success_1-2,148672,148366,145988,161141,2229,100
uplc-turbo-bc,game-sm-success_1-2,113041,111599,110602,120543,2232,100
blaze-jsc,game-sm-success_1-3,1855900,1855900,1470700,2975600,45098,270
blaze-v8,game-sm-success_1-3,1894000,1894000,1484100,2896000,43940,264
chrysalis,game-sm-success_1-3,642932,645975,634345,648478,7541,3
chrysalis-aot,game-sm-success_1-3,641874,641151,640443,644028,1898,3
haskell,game-sm-success_1-3,290876,290876,289454,292540,6695,0
opshin,game-sm-success_1-3,301200000,301200000,293220000,319410000,8640000,20
plutigo,game-sm-success_1-3,406301,406301,0,0,0,14786
plutuz,game-sm-success_1-3,575072,568552,542142,1191996,28336,8695
scalus-cek,game-sm-success_1-3,479278,479278,479278,479278,0,1
scalus-jit,game-sm-success_1-3,595553,595553,595553,595553,0,1
uplc-turbo,game-sm-success_1-3,406194,408151,397950,417234,4531,100
uplc-turbo-bc,game-sm-success_1-3,326430,324006,318994,348046,5547,100
blaze-jsc,game-sm-success_1-4,691300,691300,576900,1228500,9954,724
blaze-v8,game-sm-success_1-4,691400,691400,579000,1255300,9748,724
chrysalis,game-sm-success_1-4,208228,208178,207876,208629,379,3
chrysalis-aot,game-sm-success_1-4,209404,207518,207475,213220,3304,3
haskell,game-sm-success_1-4,103073,103073,102577,103649,2297,0
opshin,game-sm-success_1-4,102830000,102830000,97460000,121660000,5850000,20
plutigo,game-sm-success_1-4,124863,124863,0,0,0,47781
plutuz,game-sm-success_1-4,207552,202389,196614,555347,13243,10000
scalus-cek,game-sm-success_1-4,158453,158453,158453,158453,0,1
scalus-jit,game-sm-success_1-4,35655,35655,35655,35655,0,1
uplc-turbo,game-sm-success_1-4,168870,169550,165051,174065,2195,100
uplc-turbo-bc,game-sm-success_1-4,131418,130232,128258,136345,2211,100
blaze-jsc,game-sm-success_2-1,1239400,1239400,962800,2515100,29993,404
blaze-v8,game-sm-success_2-1,1246100,1246100,991400,2092900,27788,402
chrysalis,game-sm-success_2-1,436799,435277,434470,440648,3358,3
chrysalis-aot,game-sm-success_2-1,433901,431793,429931,439981,5346,3
haskell,game-sm-success_2-1,181197,181197,180415,182181,3699,0
opshin,game-sm-success_2-1,198470000,198470000,189770000,234180000,12020000,20
plutigo,game-sm-success_2-1,309827,309827,0,0,0,19256
plutuz,game-sm-success_2-1,434146,424879,404769,977547,25164,10000
scalus-cek,game-sm-success_2-1,276713,276713,276713,276713,0,1
scalus-jit,game-sm-success_2-1,453433,453433,453433,453433,0,1
uplc-turbo,game-sm-success_2-1,298870,297599,294371,306706,3135,100
uplc-turbo-bc,game-sm-success_2-1,205371,203799,199521,213730,3395,100
blaze-jsc,game-sm-success_2-2,578900,578900,492300,1184000,7178,864
blaze-v8,game-sm-success_2-2,587800,587800,499600,1509800,7406,853
chrysalis,game-sm-success_2-2,187316,187305,187174,187469,147,3
chrysalis-aot,game-sm-success_2-2,186354,186920,184273,187868,1863,3
haskell,game-sm-success_2-2,88456,88456,88182,88877,1423,0
opshin,game-sm-success_2-2,89500000,89500000,86170000,105330000,6030000,23
plutigo,game-sm-success_2-2,111645,111645,0,0,0,53767
plutuz,game-sm-success_2-2,186873,182234,177534,589939,12873,10000
scalus-cek,game-sm-success_2-2,137309,137309,137309,137309,0,1
scalus-jit,game-sm-success_2-2,31844,31844,31844,31844,0,1
uplc-turbo,game-sm-success_2-2,147349,146855,145087,161318,1934,100
uplc-turbo-bc,game-sm-success_2-2,112081,111113,110212,118931,1850,100
blaze-jsc,game-sm-success_2-3,1849600,1849600,1456100,2964900,43835,271
blaze-v8,game-sm-success_2-3,1862100,1862100,1481500,2956100,41897,269
chrysalis,game-sm-success_2-3,640161,634636,633940,651908,10178,3
chrysalis-aot,game-sm-success_2-3,657540,657145,656586,658889,1201,3
haskell,game-sm-success_2-3,294215,294215,292578,295964,7397,0
opshin,game-sm-success_2-3,302590000,302590000,293000000,320640000,9800000,20
plutigo,game-sm-success_2-3,404141,404141,0,0,0,14839
plutuz,game-sm-success_2-3,571752,564992,540872,1022633,23884,8746
scalus-cek,game-sm-success_2-3,484537,484537,484537,484537,0,1
scalus-jit,game-sm-success_2-3,882339,882339,882339,882339,0,1
uplc-turbo,game-sm-success_2-3,400194,398847,394763,411232,4104,100
uplc-turbo-bc,game-sm-success_2-3,325332,322857,319895,352989,5839,100
blaze-jsc,game-sm-success_2-4,685700,685700,571400,1562000,9942,730
blaze-v8,game-sm-success_2-4,686200,686200,579900,1488200,9538,729
chrysalis,game-sm-success_2-4,206280,206628,205445,206768,727,3
chrysalis-aot,game-sm-success_2-4,206570,206570,206441,206699,129,3
haskell,game-sm-success_2-4,101627,101627,101333,102042,1540,0
opshin,game-sm-success_2-4,103230000,103230000,100200000,117220000,4720000,20
plutigo,game-sm-success_2-4,124454,124454,0,0,0,48034
plutuz,game-sm-success_2-4,210050,203189,197094,1885585,23238,10000
scalus-cek,game-sm-success_2-4,160202,160202,160202,160202,0,1
scalus-jit,game-sm-success_2-4,37694,37694,37694,37694,0,1
uplc-turbo,game-sm-success_2-4,165047,164665,163636,169827,1252,100
uplc-turbo-bc,game-sm-success_2-4,130386,129858,128951,135192,1472,100
blaze-jsc,game-sm-success_2-5,1836500,1836500,1432600,2726100,41872,273
blaze-v8,game-sm-success_2-5,1866100,1866100,1472400,3184700,42733,268
chrysalis,game-sm-success_2-5,632116,631687,631300,633363,1096,3
chrysalis-aot,game-sm-success_2-5,644648,643321,643041,647583,2545,3
haskell,game-sm-success_2-5,291766,291766,290595,293087,5422,0
opshin,game-sm-success_2-5,302720000,302720000,294300000,320340000,9300000,20
plutigo,game-sm-success_2-5,402804,402804,0,0,0,14890
plutuz,game-sm-success_2-5,573324,565797,542552,1594555,27565,8722
scalus-cek,game-sm-success_2-5,479450,479450,479450,479450,0,1
scalus-jit,game-sm-success_2-5,619913,619913,619913,619913,0,1
uplc-turbo,game-sm-success_2-5,402643,400363,395711,413972,5345,100
uplc-turbo-bc,game-sm-success_2-5,323984,321887,318747,335419,4956,100
blaze-jsc,game-sm-success_2-6,682700,682700,574600,1497400,9967,733
blaze-v8,game-sm-success_2-6,687700,687700,578400,1329100,9421,728
chrysalis,game-sm-success_2-6,218050,218011,216147,219991,1921,3
chrysalis-aot,game-sm-success_2-6,206447,206495,206232,206615,196,3
haskell,game-sm-success_2-6,103172,103172,102740,103601,1933,0
opshin,game-sm-success_2-6,101420000,101420000,97080000,120230000,5760000,20
plutigo,game-sm-success_2-6,123913,123913,0,0,0,48424
plutuz,game-sm-success_2-6,206069,201515,196694,437149,10768,10000
scalus-cek,game-sm-success_2-6,160633,160633,160633,160633,0,1
scalus-jit,game-sm-success_2-6,36329,36329,36329,36329,0,1
uplc-turbo,game-sm-success_2-6,167409,168435,163980,181623,2565,100
uplc-turbo-bc,game-sm-success_2-6,130725,129538,128301,134870,2018,100
blaze-jsc,guardrail-sorted-large,1482000,1482000,1166300,4162200,33493,338
blaze-v8,guardrail-sorted-large,1443100,1443100,1198100,2224400,22800,347
chrysalis,guardrail-sorted-large,364572,364148,363178,366391,1647,3
chrysalis-aot,guardrail-sorted-large,396167,396111,396015,396373,185,3
haskell,guardrail-sorted-large,196312,196312,195638,197261,3490,0
opshin,guardrail-sorted-large,18360000,18360000,15920000,35010000,4980000,109
plutigo,guardrail-sorted-large,267922,267922,0,0,0,22404
plutuz,guardrail-sorted-large,295387,289711,281156,2406252,26326,10000
scalus-cek,guardrail-sorted-large,389101,389101,389101,389101,0,1
scalus-jit,guardrail-sorted-large,298298,298298,298298,298298,0,1
uplc-turbo,guardrail-sorted-large,301757,300390,296017,310274,4425,100
uplc-turbo-bc,guardrail-sorted-large,242461,240455,238569,265946,4186,100
blaze-jsc,guardrail-sorted-small,315100,315100,214500,2394300,12635,1587
blaze-v8,guardrail-sorted-small,262400,262400,217000,923300,3437,1906
chrysalis,guardrail-sorted-small,95037,94303,94185,96624,1374,3
chrysalis-aot,guardrail-sorted-small,91940,91238,90743,93839,1662,3
haskell,guardrail-sorted-small,30246,30246,30076,30645,1028,0
opshin,guardrail-sorted-small,14300000,14300000,12120000,31550000,4690000,140
plutigo,guardrail-sorted-small,56068,56068,0,0,0,106618
plutuz,guardrail-sorted-small,87297,84672,82091,318757,7554,10000
scalus-cek,guardrail-sorted-small,51322,51322,51322,51322,0,1
scalus-jit,guardrail-sorted-small,99188,99188,99188,99188,0,1
uplc-turbo,guardrail-sorted-small,66456,66065,65502,74528,1106,100
uplc-turbo-bc,guardrail-sorted-small,40319,39936,39348,42033,658,100
blaze-jsc,guardrail-unsorted-large,1895100,1895100,1569900,5755700,42260,264
blaze-v8,guardrail-unsorted-large,1881300,1881300,1575100,2542400,26150,266
chrysalis,guardrail-unsorted-large,498871,498981,496677,500954,2140,3
chrysalis-aot,guardrail-unsorted-large,520875,517278,516127,529219,7249,3
haskell,guardrail-unsorted-large,267869,267869,266883,269035,4559,0
opshin,guardrail-unsorted-large,18620000,18620000,15820000,37440000,5230000,108
plutigo,guardrail-unsorted-large,334317,334317,0,0,0,17934
plutuz,guardrail-unsorted-large,392461,385408,370988,967851,29198,10000
scalus-cek,guardrail-unsorted-large,559527,559527,559527,559527,0,1
scalus-jit,guardrail-unsorted-large,344170,344170,344170,344170,0,1
uplc-turbo,guardrail-unsorted-large,360080,358490,356251,370845,3786,100
uplc-turbo-bc,guardrail-unsorted-large,320768,318422,314146,329672,4540,100
blaze-jsc,guardrail-unsorted-small,337500,337500,208700,3495300,15795,1482
blaze-v8,guardrail-unsorted-small,261200,261200,210700,1064200,3813,1915
chrysalis,guardrail-unsorted-small,86532,86541,86319,86736,208,3
chrysalis-aot,guardrail-unsorted-small,88296,88312,88247,88328,42,3
haskell,guardrail-unsorted-small,30158,30158,30060,30304,487,0
opshin,guardrail-unsorted-small,14130000,14130000,11870000,35120000,4870000,142
plutigo,guardrail-unsorted-small,54481,54481,0,0,0,109534
plutuz,guardrail-unsorted-small,85678,82982,81072,224448,7430,10000
scalus-cek,guardrail-unsorted-small,47553,47553,47553,47553,0,1
scalus-jit,guardrail-unsorted-small,93527,93527,93527,93527,0,1
uplc-turbo,guardrail-unsorted-small,66376,65587,64901,74865,1632,100
uplc-turbo-bc,guardrail-unsorted-small,39705,39368,39073,42692,631,100
blaze-jsc,multisig-sm-01,1278900,1278900,1005200,2410600,31844,392
blaze-v8,multisig-sm-01,1311800,1311800,1030300,2949200,33057,382
chrysalis,multisig-sm-01,468099,467926,467353,469017,845,3
chrysalis-aot,multisig-sm-01,472321,472480,471804,472678,458,3
haskell,multisig-sm-01,187044,187044,186395,187896,3079,0
opshin,multisig-sm-01,-1,-1,-1,-1,-1,0
plutigo,multisig-sm-01,336388,336388,0,0,0,17790
plutuz,multisig-sm-01,460267,452265,431210,1184161,25966,10000
scalus-cek,multisig-sm-01,297518,297518,297518,297518,0,1
scalus-jit,multisig-sm-01,620539,620539,620539,620539,0,1
uplc-turbo,multisig-sm-01,310795,308926,306646,319843,3596,100
uplc-turbo-bc,multisig-sm-01,211489,209423,206926,236061,4458,100
blaze-jsc,multisig-sm-02,1257700,1257700,999900,2358500,30184,398
blaze-v8,multisig-sm-02,1280100,1280100,1024600,2165700,29570,391
chrysalis,multisig-sm-02,457245,457660,456028,458047,1071,3
chrysalis-aot,multisig-sm-02,457356,454648,453130,464290,6052,3
haskell,multisig-sm-02,183604,183604,182771,184430,3622,0
opshin,multisig-sm-02,-1,-1,-1,-1,-1,0
plutigo,multisig-sm-02,332503,332503,0,0,0,17998
plutuz,multisig-sm-02,456248,447900,428030,972581,23715,10000
scalus-cek,multisig-sm-02,286260,286260,286260,286260,0,1
scalus-jit,multisig-sm-02,603352,603352,603352,603352,0,1
uplc-turbo,multisig-sm-02,306102,305320,302992,314066,2458,100
uplc-turbo-bc,multisig-sm-02,206112,208300,200405,212955,3636,100
blaze-jsc,multisig-sm-03,1271000,1271000,1018600,2490100,31647,394
blaze-v8,multisig-sm-03,1297800,1297800,1034400,2444400,31147,386
chrysalis,multisig-sm-03,459119,457819,454915,464623,4982,3
chrysalis-aot,multisig-sm-03,458943,458305,458100,460424,1286,3
haskell,multisig-sm-03,181445,181445,181104,182147,1994,0
opshin,multisig-sm-03,-1,-1,-1,-1,-1,0
plutigo,multisig-sm-03,337303,337303,0,0,0,17803
plutuz,multisig-sm-03,457316,447965,427179,1009111,24654,10000
scalus-cek,multisig-sm-03,287115,287115,287115,287115,0,1
scalus-jit,multisig-sm-03,831354,831354,831354,831354,0,1
uplc-turbo,multisig-sm-03,308072,307115,304153,319400,3159,100
uplc-turbo-bc,multisig-sm-03,206240,203768,199816,215382,4058,100
blaze-jsc,multisig-sm-04,1307200,1307200,1028500,2472600,33725,383
blaze-v8,multisig-sm-04,1312400,1312400,1040800,2390200,32547,381
chrysalis,multisig-sm-04,462881,462659,458812,467171,4183,3
chrysalis-aot,multisig-sm-04,469421,469220,468230,470812,1302,3
haskell,multisig-sm-04,182736,182736,182502,183061,1172,0
opshin,multisig-sm-04,-1,-1,-1,-1,-1,0
plutigo,multisig-sm-04,335782,335782,0,0,0,17877
plutuz,multisig-sm-04,458537,449664,430429,1098104,26700,10000
scalus-cek,multisig-sm-04,292048,292048,292048,292048,0,1
scalus-jit,multisig-sm-04,648730,648730,648730,648730,0,1
uplc-turbo,multisig-sm-04,308730,308241,306515,316497,1747,100
uplc-turbo-bc,multisig-sm-04,206586,205127,203216,213403,3079,100
blaze-jsc,multisig-sm-05,1650200,1650200,1331500,2605900,35479,303
blaze-v8,multisig-sm-05,1699800,1699800,1345200,2752200,38075,295
chrysalis,multisig-sm-05,605630,605837,603666,607387,1869,3
chrysalis-aot,multisig-sm-05,603819,604024,602892,604541,843,3
haskell,multisig-sm-05,257258,257258,256789,257883,2480,0
opshin,multisig-sm-05,-1,-1,-1,-1,-1,0
plutigo,multisig-sm-05,388773,388773,0,0,0,15444
plutuz,multisig-sm-05,578846,572902,536002,1431580,30935,8638
scalus-cek,multisig-sm-05,426870,426870,426870,426870,0,1
scalus-jit,multisig-sm-05,831608,831608,831608,831608,0,1
uplc-turbo,multisig-sm-05,374267,371654,368511,385434,4749,100
uplc-turbo-bc,multisig-sm-05,281556,279059,276330,308783,5459,100
blaze-jsc,multisig-sm-06,1281400,1281400,1003700,2570000,32035,391
blaze-v8,multisig-sm-06,1307600,1307600,1027099,2485200,33082,383
chrysalis,multisig-sm-06,463218,463196,462857,463599,371,3
chrysalis-aot,multisig-sm-06,469175,470053,465042,472428,3770,3
haskell,multisig-sm-06,185876,185876,185586,186381,1579,0
opshin,multisig-sm-06,-1,-1,-1,-1,-1,0
plutigo,multisig-sm-06,335976,335976,0,0,0,17828
plutuz,multisig-sm-06,464419,454925,433389,1048557,26311,10000
scalus-cek,multisig-sm-06,297841,297841,297841,297841,0,1
scalus-jit,multisig-sm-06,569133,569133,569133,569133,0,1
uplc-turbo,multisig-sm-06,311072,309009,306987,317985,3501,100
uplc-turbo-bc,multisig-sm-06,208508,206905,204572,232377,4052,100
blaze-jsc,multisig-sm-07,1235500,1235500,996800,2520200,28045,405
blaze-v8,multisig-sm-07,1269100,1269100,1017200,2299500,28427,395
chrysalis,multisig-sm-07,455727,455668,454517,456996,1240,3
chrysalis-aot,multisig-sm-07,457307,455666,452166,464087,6127,3
haskell,multisig-sm-07,182432,182432,181977,183261,2627,0
opshin,multisig-sm-07,-1,-1,-1,-1,-1,0
plutigo,multisig-sm-07,333754,333754,0,0,0,17944
plutuz,multisig-sm-07,455988,448124,428109,1020583,26838,10000
scalus-cek,multisig-sm-07,289975,289975,289975,289975,0,1
scalus-jit,multisig-sm-07,584311,584311,584311,584311,0,1
uplc-turbo,multisig-sm-07,307702,305897,303535,329623,3977,100
uplc-turbo-bc,multisig-sm-07,204165,202408,200225,211716,3491,100
blaze-jsc,multisig-sm-08,1256600,1256600,1000200,2419000,29781,398
blaze-v8,multisig-sm-08,1280000,1280000,1025800,2442900,29824,391
chrysalis,multisig-sm-08,483700,482364,479103,489632,5389,3
chrysalis-aot,multisig-sm-08,454850,455148,453654,455749,1078,3
haskell,multisig-sm-08,181708,181708,181390,182179,1695,0
opshin,multisig-sm-08,-1,-1,-1,-1,-1,0
plutigo,multisig-sm-08,336427,336427,0,0,0,17839
plutuz,multisig-sm-08,450191,443919,426109,1030033,19506,10000
scalus-cek,multisig-sm-08,290088,290088,290088,290088,0,1
scalus-jit,multisig-sm-08,553015,553015,553015,553015,0,1
uplc-turbo,multisig-sm-08,310092,308162,305497,317963,3798,100
uplc-turbo-bc,multisig-sm-08,203647,203270,201858,209343,1142,100
blaze-jsc,multisig-sm-09,1286200,1286200,1000400,2602400,32412,389
blaze-v8,multisig-sm-09,1295800,1295800,1035199,2958700,31747,386
chrysalis,multisig-sm-09,464559,462795,462090,468791,3682,3
chrysalis-aot,multisig-sm-09,462176,462027,459266,465236,2987,3
haskell,multisig-sm-09,184577,184577,183780,185747,3965,0
opshin,multisig-sm-09,-1,-1,-1,-1,-1,0
plutigo,multisig-sm-09,336785,336785,0,0,0,17802
plutuz,multisig-sm-09,459462,450295,430239,956850,24424,10000
scalus-cek,multisig-sm-09,296515,296515,296515,296515,0,1
scalus-jit,multisig-sm-09,642678,642678,642678,642678,0,1
uplc-turbo,multisig-sm-09,311482,309542,306077,319618,3420,100
uplc-turbo-bc,multisig-sm-09,206932,205000,203966,222482,3685,100
blaze-jsc,multisig-sm-10,1665200,1665200,1311700,2571100,35635,301
blaze-v8,multisig-sm-10,1702200,1702200,1361700,2567200,36937,294
chrysalis,multisig-sm-10,596845,595469,595442,599625,2407,3
chrysalis-aot,multisig-sm-10,603338,598447,598302,613263,8596,3
haskell,multisig-sm-10,262163,262163,260810,263705,6560,0
opshin,multisig-sm-10,-1,-1,-1,-1,-1,0
plutigo,multisig-sm-10,389951,389951,0,0,0,15344
plutuz,multisig-sm-10,562397,559832,526651,1298994,31447,8891
scalus-cek,multisig-sm-10,428763,428763,428763,428763,0,1
scalus-jit,multisig-sm-10,774431,774431,774431,774431,0,1
uplc-turbo,multisig-sm-10,373069,371436,368360,382877,3613,100
uplc-turbo-bc,multisig-sm-10,280442,279048,277487,291736,3359,100
blaze-jsc,ping-pong-1,1033500,1033500,802400,1891500,22737,484
blaze-v8,ping-pong-1,1055800,1055800,834800,2159700,23122,474
chrysalis,ping-pong-1,388125,386354,384306,393715,4948,3
chrysalis-aot,ping-pong-1,379553,379741,379002,379916,485,3
haskell,ping-pong-1,151415,151415,151090,151999,1722,0
opshin,ping-pong-1,177380000,177380000,170790000,201710000,9370000,20
plutigo,ping-pong-1,274513,274513,0,0,0,21680
plutuz,ping-pong-1,381176,374333,359348,1016417,22810,10000
scalus-cek,ping-pong-1,243544,243544,243544,243544,0,1
scalus-jit,ping-pong-1,311093,311093,311093,311093,0,1
uplc-turbo,ping-pong-1,261188,260063,258299,272595,2900,100
uplc-turbo-bc,ping-pong-1,171126,170943,169935,175953,742,100
blaze-jsc,ping-pong-2,1039600,1039600,815200,2247200,24534,482
blaze-v8,ping-pong-2,1057400,1057400,846200,2039200,23368,473
chrysalis,ping-pong-2,385539,383582,380456,392579,6294,3
chrysalis-aot,ping-pong-2,382787,381068,380187,387106,3766,3
haskell,ping-pong-2,152222,152222,151933,152758,1620,0
opshin,ping-pong-2,177280000,177280000,170600000,193520000,8990000,20
plutigo,ping-pong-2,274697,274697,0,0,0,21853
plutuz,ping-pong-2,380793,373989,359188,1087429,21175,10000
scalus-cek,ping-pong-2,243414,243414,243414,243414,0,1
scalus-jit,ping-pong-2,248407,248407,248407,248407,0,1
uplc-turbo,ping-pong-2,260118,259895,257682,266676,1395,100
uplc-turbo-bc,ping-pong-2,170139,170067,168289,172651,655,100
blaze-jsc,ping-pong_2-1,726900,726900,571300,1824700,16791,688
blaze-v8,ping-pong_2-1,739500,739500,577600,1905700,17082,677
chrysalis,ping-pong_2-1,279543,279940,278405,280284,1000,3
chrysalis-aot,ping-pong_2-1,274358,274253,274213,274609,217,3
haskell,ping-pong_2-1,93503,93503,93374,93678,659,0
opshin,ping-pong_2-1,130389999,130389999,124170000,146430000,8930000,20
plutigo,ping-pong_2-1,216766,216766,0,0,0,27662
plutuz,ping-pong_2-1,297835,291157,281706,744236,20994,10000
scalus-cek,ping-pong_2-1,150669,150669,150669,150669,0,1
scalus-jit,ping-pong_2-1,181961,181961,181961,181961,0,1
uplc-turbo,ping-pong_2-1,205163,204934,204008,210515,1169,100
uplc-turbo-bc,ping-pong_2-1,109111,108944,108047,115529,986,100
blaze-jsc,prism-1,497300,497300,419900,1459400,6813,1006
blaze-v8,prism-1,502100,502100,426800,1206300,6677,996
chrysalis,prism-1,166892,167172,166262,167241,546,3
chrysalis-aot,prism-1,164411,164404,164398,164430,16,3
haskell,prism-1,73161,73161,73085,73250,363,0
opshin,prism-1,76710000,76710000,73490000,95540000,4880000,27
plutigo,prism-1,97820,97820,0,0,0,61261
plutuz,prism-1,163183,159238,154963,404284,10167,10000
scalus-cek,prism-1,115827,115827,115827,115827,0,1
scalus-jit,prism-1,12938,12938,12938,12938,0,1
uplc-turbo,prism-1,125314,125168,124057,128529,784,100
uplc-turbo-bc,prism-1,90745,90641,90106,93936,550,100
blaze-jsc,prism-2,1220900,1220900,1030200,2235800,22342,410
blaze-v8,prism-2,1249100,1249100,1049500,2264900,23607,401
chrysalis,prism-2,451200,451223,450512,451864,676,3
chrysalis-aot,prism-2,447062,446747,445460,448980,1780,3
haskell,prism-2,188821,188821,188352,190392,3361,0
opshin,prism-2,210730000,210730000,204630000,228610000,8350000,20
plutigo,prism-2,317421,317421,0,0,0,18915
plutuz,prism-2,447316,441119,420269,977721,21227,10000
scalus-cek,prism-2,304650,304650,304650,304650,0,1
scalus-jit,prism-2,402085,402085,402085,402085,0,1
uplc-turbo,prism-2,310398,310027,308016,323817,2368,100
uplc-turbo-bc,prism-2,217845,216938,215384,225615,2487,100
blaze-jsc,prism-3,1002999,1002999,829400,1696100,16248,499
blaze-v8,prism-3,1020000,1020000,855200,1702900,15912,491
chrysalis,prism-3,348537,348318,347984,349307,688,3
chrysalis-aot,prism-3,357681,356019,355701,361323,3158,3
haskell,prism-3,166881,166881,166645,167273,1222,0
opshin,prism-3,166080000,166080000,162560000,181330000,5020000,20
plutigo,prism-3,212271,212271,0,0,0,28244
plutuz,prism-3,324964,317557,304876,1513056,24892,10000
scalus-cek,prism-3,272318,272318,272318,272318,0,1
scalus-jit,prism-3,69361,69361,69361,69361,0,1
uplc-turbo,prism-3,240241,241124,234756,256779,3427,100
uplc-turbo-bc,prism-3,196843,196654,194894,202091,971,100
blaze-jsc,pubkey-1,432600,432600,360500,983500,5623,1156
blaze-v8,pubkey-1,430500,430500,367300,888300,5252,1162
chrysalis,pubkey-1,143729,143567,143495,144124,344,3
chrysalis-aot,pubkey-1,148099,147982,147623,148691,543,3
haskell,pubkey-1,63117,63117,63068,63168,220,0
opshin,pubkey-1,67950000,67950000,64860000,85120000,5590000,30
plutigo,pubkey-1,90140,90140,0,0,0,66561
plutuz,pubkey-1,151681,146273,141423,490179,14280,10000
scalus-cek,pubkey-1,102248,102248,102248,102248,0,1
scalus-jit,pubkey-1,10719,10719,10719,10719,0,1
uplc-turbo,pubkey-1,116329,116871,114089,124577,1717,100
uplc-turbo-bc,pubkey-1,78890,78419,77700,85418,1224,100
blaze-jsc,stablecoin_1-1,5254000,5254000,4442600,7323400,117164,96
blaze-v8,stablecoin_1-1,5248500,5248500,4428300,6792200,110218,96
chrysalis,stablecoin_1-1,1014703,1016285,1005009,1022815,9007,3
chrysalis-aot,stablecoin_1-1,1001227,995293,994621,1013768,10866,3
haskell,stablecoin_1-1,448224,448224,446616,454249,12268,0
opshin,stablecoin_1-1,-1,-1,-1,-1,-1,0
plutigo,stablecoin_1-1,567469,567469,0,0,0,10000
plutuz,stablecoin_1-1,955200,951710,912180,1915232,39120,5235
scalus-cek,stablecoin_1-1,715184,715184,715184,715184,0,1
scalus-jit,stablecoin_1-1,4249612,4249612,4249612,4249612,0,1
uplc-turbo,stablecoin_1-1,596477,594194,582755,613482,8436,100
uplc-turbo-bc,stablecoin_1-1,457450,456547,453257,473140,4040,100
blaze-jsc,stablecoin_1-2,582400,582400,485900,1163100,8037,859
blaze-v8,stablecoin_1-2,586700,586700,492800,1266300,8037,853
chrysalis,stablecoin_1-2,184672,184598,184558,184860,164,3
chrysalis-aot,stablecoin_1-2,186571,186483,185065,188166,1552,3
haskell,stablecoin_1-2,87070,87070,86970,87274,609,0
opshin,stablecoin_1-2,90640000,90640000,86640000,106780000,5520000,23
plutigo,stablecoin_1-2,110717,110717,0,0,0,54158
plutuz,stablecoin_1-2,183661,178994,175014,536817,12764,10000
scalus-cek,stablecoin_1-2,134885,134885,134885,134885,0,1
scalus-jit,stablecoin_1-2,36314,36314,36314,36314,0,1
uplc-turbo,stablecoin_1-2,149328,148771,147732,161325,1918,100
uplc-turbo-bc,stablecoin_1-2,112046,111863,110258,116314,872,100
blaze-jsc,stablecoin_1-3,5696900,5696900,4878300,6941400,114507,88
blaze-v8,stablecoin_1-3,5702500,5702500,4818400,7483200,126595,88
chrysalis,stablecoin_1-3,1131609,1132605,1126885,1135337,4313,3
chrysalis-aot,stablecoin_1-3,1150074,1149794,1147777,1152653,2449,3
haskell,stablecoin_1-3,508497,508497,507974,509090,2469,0
opshin,stablecoin_1-3,-1,-1,-1,-1,-1,0
plutigo,stablecoin_1-3,625781,625781,0,0,0,9344
plutuz,stablecoin_1-3,1076153,1068353,1019882,3142907,54889,4647
scalus-cek,stablecoin_1-3,944796,944796,944796,944796,0,1
scalus-jit,stablecoin_1-3,4061365,4061365,4061365,4061365,0,1
uplc-turbo,stablecoin_1-3,649605,647770,643239,671603,6360,100
uplc-turbo-bc,stablecoin_1-3,523273,520504,516125,544047,6286,100
blaze-jsc,stablecoin_1-4,627100,627100,516700,1419300,9155,798
blaze-v8,stablecoin_1-4,622400,622400,520300,1321100,8775,804
chrysalis,stablecoin_1-4,192526,192537,192438,192602,82,3
chrysalis-aot,stablecoin_1-4,191783,191889,191180,192279,557,3
haskell,stablecoin_1-4,92454,92454,91745,94151,4431,0
opshin,stablecoin_1-4,93410000,93410000,89290000,110630000,5130000,22
plutigo,stablecoin_1-4,115328,115328,0,0,0,52345
plutuz,stablecoin_1-4,191997,187314,181814,493807,12142,10000
scalus-cek,stablecoin_1-4,144907,144907,144907,144907,0,1
scalus-jit,stablecoin_1-4,33778,33778,33778,33778,0,1
uplc-turbo,stablecoin_1-4,155463,155001,153760,173255,2147,100
uplc-turbo-bc,stablecoin_1-4,118231,117998,116577,131103,1560,100
blaze-jsc,stablecoin_1-5,6658100,6658100,5647200,7417300,88552,76
blaze-v8,stablecoin_1-5,6796900,6796900,5671200,8032500,108070,74
chrysalis,stablecoin_1-5,1374723,1377675,1368354,1378140,5520,3
chrysalis-aot,stablecoin_1-5,1378733,1378928,1376736,1380535,1907,3
haskell,stablecoin_1-5,648213,648213,646553,650417,8209,0
opshin,stablecoin_1-5,-1,-1,-1,-1,-1,0
plutigo,stablecoin_1-5,724570,724570,0,0,0,7788
plutuz,stablecoin_1-5,1342879,1330048,1256707,2221003,58167,3724
scalus-cek,stablecoin_1-5,1021224,1021224,1021224,1021224,0,1
scalus-jit,stablecoin_1-5,3996939,3996939,3996939,3996939,0,1
uplc-turbo,stablecoin_1-5,772092,767923,759919,800869,9343,100
uplc-turbo-bc,stablecoin_1-5,657510,655243,650912,677919,6531,100
blaze-jsc,stablecoin_1-6,740100,740100,622700,1489600,10139,676
blaze-v8,stablecoin_1-6,750000,750000,633200,1431100,10125,667
chrysalis,stablecoin_1-6,224695,224815,224172,225097,474,3
chrysalis-aot,stablecoin_1-6,229951,229396,229155,231302,1176,3
haskell,stablecoin_1-6,112209,112209,112097,112352,574,0
opshin,stablecoin_1-6,108650000,108650000,105680000,125530000,5410000,20
plutigo,stablecoin_1-6,133369,133369,0,0,0,45099
plutuz,stablecoin_1-6,223426,216884,210565,3272961,34419,10000
scalus-cek,stablecoin_1-6,178047,178047,178047,178047,0,1
scalus-jit,stablecoin_1-6,41828,41828,41828,41828,0,1
uplc-turbo,stablecoin_1-6,182325,181545,179080,196735,2809,100
uplc-turbo-bc,stablecoin_1-6,145868,144924,143382,151022,2102,100
blaze-jsc,stablecoin_2-1,5085100,5085100,4326900,6237100,98650,99
blaze-v8,stablecoin_2-1,5143500,5143500,4406400,7311300,110585,98
chrysalis,stablecoin_2-1,1047908,1048840,1045851,1049034,1784,3
chrysalis-aot,stablecoin_2-1,1003787,1011906,984913,1014543,16398,3
haskell,stablecoin_2-1,445890,445890,445219,446599,2972,0
opshin,stablecoin_2-1,-1,-1,-1,-1,-1,0
plutigo,stablecoin_2-1,562456,562456,0,0,0,10000
plutuz,stablecoin_2-1,963692,956691,907020,1542679,35668,5189
scalus-cek,stablecoin_2-1,719961,719961,719961,719961,0,1
scalus-jit,stablecoin_2-1,4215329,4215329,4215329,4215329,0,1
uplc-turbo,stablecoin_2-1,594568,590237,584821,611317,7636,100
uplc-turbo-bc,stablecoin_2-1,460348,457605,453504,474617,6267,100
blaze-jsc,stablecoin_2-2,570900,570900,484800,1139900,7707,876
blaze-v8,stablecoin_2-2,588600,588600,497500,1032700,8122,850
chrysalis,stablecoin_2-2,186561,185739,185073,188871,2027,3
chrysalis-aot,stablecoin_2-2,183539,183855,182376,184386,1041,3
haskell,stablecoin_2-2,86260,86260,86159,86386,469,0
opshin,stablecoin_2-2,88780000,88780000,85080000,107230000,5670000,23
plutigo,stablecoin_2-2,110945,110945,0,0,0,54115
plutuz,stablecoin_2-2,188033,181298,175034,478757,16009,10000
scalus-cek,stablecoin_2-2,135463,135463,135463,135463,0,1
scalus-jit,stablecoin_2-2,33906,33906,33906,33906,0,1
uplc-turbo,stablecoin_2-2,150092,149726,146936,155229,2104,100
uplc-turbo-bc,stablecoin_2-2,113004,112090,111045,124219,2188,100
blaze-jsc,stablecoin_2-3,5531200,5531200,4764400,6985300,107858,91
blaze-v8,stablecoin_2-3,5602500,5602500,4785700,6688100,110929,90
chrysalis,stablecoin_2-3,1137569,1132338,1132186,1148181,9191,3
chrysalis-aot,stablecoin_2-3,1154627,1154284,1152531,1157066,2286,3
haskell,stablecoin_2-3,509581,509581,508562,510857,5050,0
opshin,stablecoin_2-3,-1,-1,-1,-1,-1,0
plutigo,stablecoin_2-3,621749,621749,0,0,0,9484
plutuz,stablecoin_2-3,1076090,1069803,1020292,3295656,50252,4647
scalus-cek,stablecoin_2-3,831266,831266,831266,831266,0,1
scalus-jit,stablecoin_2-3,4301825,4301825,4301825,4301825,0,1
uplc-turbo,stablecoin_2-3,651235,647848,642523,671736,7411,100
uplc-turbo-bc,stablecoin_2-3,523740,521217,517404,542353,6675,100
blaze-jsc,stablecoin_2-4,608100,608100,512700,1248600,8635,823
blaze-v8,stablecoin_2-4,623900,623900,520700,1452300,9046,802
chrysalis,stablecoin_2-4,189911,189952,189652,190129,241,3
chrysalis-aot,stablecoin_2-4,193913,193451,192365,195922,1822,3
haskell,stablecoin_2-4,91688,91688,91488,91932,981,0
opshin,stablecoin_2-4,91990000,91990000,89070000,108200000,5220000,22
plutigo,stablecoin_2-4,115228,115228,0,0,0,52094
plutuz,stablecoin_2-4,190900,186694,182504,473771,9988,10000
scalus-cek,stablecoin_2-4,146339,146339,146339,146339,0,1
scalus-jit,stablecoin_2-4,34178,34178,34178,34178,0,1
uplc-turbo,stablecoin_2-4,155543,154697,153632,161427,1832,100
uplc-turbo-bc,stablecoin_2-4,119358,118088,116978,123935,2058,100
blaze-jsc,token-account-1,562000,562000,453700,1432300,9610,890
blaze-v8,token-account-1,566600,566600,466600,1322800,9348,883
chrysalis,token-account-1,210783,210371,210278,211698,794,3
chrysalis-aot,token-account-1,216621,216838,215794,217230,742,3
haskell,token-account-1,84843,84843,84742,84992,530,0
opshin,token-account-1,97880000,97880000,95030000,117930000,5640000,21
plutigo,token-account-1,137214,137214,0,0,0,43782
plutuz,token-account-1,207274,201154,194554,1573939,19698,10000
scalus-cek,token-account-1,137401,137401,137401,137401,0,1
scalus-jit,token-account-1,21793,21793,21793,21793,0,1
uplc-turbo,token-account-1,149110,148504,147355,152360,1421,100
uplc-turbo-bc,token-account-1,103079,102575,101538,107057,1399,100
blaze-jsc,token-account-2,863700,863700,730200,1554900,11832,579
blaze-v8,token-account-2,883100,883100,750800,1954500,12893,567
chrysalis,token-account-2,314793,314420,314289,315670,762,3
chrysalis-aot,token-account-2,321882,320499,317994,327153,4733,3
haskell,token-account-2,149907,149907,149620,150308,1436,0
opshin,token-account-2,157160000,157160000,151640000,174860000,5370000,20
plutigo,token-account-2,195832,195832,0,0,0,30572
plutuz,token-account-2,280976,275586,265586,844058,17472,10000
scalus-cek,token-account-2,244776,244776,244776,244776,0,1
scalus-jit,token-account-2,45000,45000,45000,45000,0,1
uplc-turbo,token-account-2,213074,212870,211522,218674,1139,100
uplc-turbo-bc,token-account-2,179592,178469,177059,201432,3437,100
blaze-jsc,uniswap-1,1050800,1050800,872200,1973500,17338,476
blaze-v8,uniswap-1,1067500,1067500,883300,1864600,16866,469
chrysalis,uniswap-1,395419,393961,393187,399109,3219,3
chrysalis-aot,uniswap-1,402242,402614,400516,403598,1574,3
haskell,uniswap-1,179206,179206,178939,179507,1216,0
opshin,uniswap-1,197600000,197600000,192770000,213250000,6470000,20
plutigo,uniswap-1,235657,235657,0,0,0,25474
plutuz,uniswap-1,326309,320837,308216,847758,19592,10000
scalus-cek,uniswap-1,311881,311881,311881,311881,0,1
scalus-jit,uniswap-1,49785,49785,49785,49785,0,1
uplc-turbo,uniswap-1,234329,233482,232047,242684,2365,100
uplc-turbo-bc,uniswap-1,205310,204081,202304,212198,2788,100
blaze-jsc,uniswap-2,658000,658000,541000,1378300,10264,760
blaze-v8,uniswap-2,665700,665700,546800,1347800,10451,752
chrysalis,uniswap-2,238709,237815,236508,241804,2758,3
chrysalis-aot,uniswap-2,239022,239031,238476,239559,541,3
haskell,uniswap-2,99161,99161,99028,99394,749,0
opshin,uniswap-2,111530000,111530000,107140000,127330000,6260000,20
plutigo,uniswap-2,150280,150280,0,0,0,40006
plutuz,uniswap-2,228682,222525,216165,1512863,18939,10000
scalus-cek,uniswap-2,159873,159873,159873,159873,0,1
scalus-jit,uniswap-2,36461,36461,36461,36461,0,1
uplc-turbo,uniswap-2,169615,168706,167475,174326,2002,100
uplc-turbo-bc,uniswap-2,123179,122406,120225,127604,1772,100
blaze-jsc,uniswap-3,4963600,4963600,4543300,5874700,49636,101
blaze-v8,uniswap-3,5088600,5088600,4659700,5948800,55465,99
chrysalis,uniswap-3,1455258,1452457,1450524,1462791,6595,3
chrysalis-aot,uniswap-3,1529077,1537839,1500085,1549308,25754,3
haskell,uniswap-3,804131,804131,802203,807108,9955,0
opshin,uniswap-3,691240000,691240000,676980000,718860000,13190000,20
plutigo,uniswap-3,863921,863921,0,0,0,6775
plutuz,uniswap-3,1308603,1287958,1223266,3707440,87427,3821
scalus-cek,uniswap-3,1225733,1225733,1225733,1225733,0,1
scalus-jit,uniswap-3,693779,693779,693779,693779,0,1
uplc-turbo,uniswap-3,850445,848183,839095,870393,7786,100
uplc-turbo-bc,uniswap-3,809791,805540,794875,833903,10698,100
blaze-jsc,uniswap-4,1020500,1020500,818200,2518800,21328,490
blaze-v8,uniswap-4,976000,976000,837900,2902100,14152,513
chrysalis,uniswap-4,282674,282510,282153,283358,618,3
chrysalis-aot,uniswap-4,285828,285759,284732,286995,1132,3
haskell,uniswap-4,145467,145467,145261,145789,1095,0
opshin,uniswap-4,136090000,136090000,132960000,155030000,6200000,20
plutigo,uniswap-4,166332,166332,0,0,0,36109
plutuz,uniswap-4,276052,270561,260805,2837752,30860,10000
scalus-cek,uniswap-4,228434,228434,228434,228434,0,1
scalus-jit,uniswap-4,57917,57917,57917,57917,0,1
uplc-turbo,uniswap-4,231153,229633,226300,238098,3049,100
uplc-turbo-bc,uniswap-4,195186,193576,190696,220081,4082,100
blaze-jsc,uniswap-5,3397200,3397200,2739100,4119700,59111,148
blaze-v8,uniswap-5,3439500,3439500,2775200,4326800,62598,146
chrysalis,uniswap-5,989956,989803,988597,991469,1442,3
chrysalis-aot,uniswap-5,1030065,1035778,1013325,1041091,14738,3
haskell,uniswap-5,528172,528172,527016,529889,5717,0
opshin,uniswap-5,469360000,469360000,457530000,490950000,10520000,20
plutigo,uniswap-5,613345,613345,0,0,0,9422
plutuz,uniswap-5,923949,913695,868539,2633162,49001,5412
scalus-cek,uniswap-5,795741,795741,795741,795741,0,1
scalus-jit,uniswap-5,689105,689105,689105,689105,0,1
uplc-turbo,uniswap-5,640709,637894,631438,694228,8737,100
uplc-turbo-bc,uniswap-5,561461,564028,540004,590674,10340,100
blaze-jsc,uniswap-6,902400,902400,774600,1511700,11460,555
blaze-v8,uniswap-6,926900,926900,785900,1732400,12420,540
chrysalis,uniswap-6,274650,274416,274315,275218,494,3
chrysalis-aot,uniswap-6,276681,276611,275738,277694,979,3
haskell,uniswap-6,138703,138703,138456,139269,1504,0
opshin,uniswap-6,133520000,133520000,129979999,148500000,5890000,20
plutigo,uniswap-6,161378,161378,0,0,0,37106
plutuz,uniswap-6,269669,263856,252286,3082097,33547,10000
scalus-cek,uniswap-6,224113,224113,224113,224113,0,1
scalus-jit,uniswap-6,53282,53282,53282,53282,0,1
uplc-turbo,uniswap-6,220952,219656,216294,228789,2979,100
uplc-turbo-bc,uniswap-6,182864,181278,179093,189713,2968,100
blaze-jsc,vesting-1,963900,963900,774100,1823800,17832,519
blaze-v8,vesting-1,978600,978600,799200,1775400,17419,512
chrysalis,vesting-1,361063,357371,357147,368670,6589,3
chrysalis-aot,vesting-1,361688,361275,361167,362623,811,3
haskell,vesting-1,160963,160963,160786,161193,873,0
opshin,vesting-1,174590000,174590000,166110000,211350000,10910000,20
plutigo,vesting-1,236172,236172,0,0,0,25395
plutuz,vesting-1,321797,316797,306587,717666,15069,10000
scalus-cek,vesting-1,260289,260289,260289,260289,0,1
scalus-jit,vesting-1,111833,111833,111833,111833,0,1
uplc-turbo,vesting-1,240228,241465,235062,247132,3044,100
uplc-turbo-bc,vesting-1,181580,180506,179308,187597,2264,100
